{
  "title": "Eleventy Satisfactory",
  "url": "https://code.mendhak.com/eleventy-satisfactory/",
  "pathPrefix": "/eleventy-satisfactory/",
  "language": "en",
  "paginationSize": 4,
  "favicon": "/assets/images/favicon.png",
  "description": "Blog theme for Eleventy with various new features",
  "tags": ["eleventy", "blog", "theme", "template", "starter"],
  "feed": {
    "path": "/feed.xml"
  },
  "jsonfeed": {
    "path": "/feed.json"
  },
  "author": {
    "name": "mendhak",
    "email": "",
    "url": "https://github.com/mendhak/eleventy-satisfactory"
  },
  "opengraph": {
    "image": "/assets/images/article.png",
    "type": "article"
  }
}
