[
  {
      "link": "https://www.flickr.com/photos/mendhak/30454355997/",
      "img": "https://live.staticflickr.com/1932/30454355997_287063f84b_q.jpg"
  },
  {
      "link": "https://www.flickr.com/photos/mendhak/31366195988/",
      "img": "https://live.staticflickr.com/1917/31366195988_3b8862fd7e_q.jpg"
  },
  {
      "link": "https://www.flickr.com/photos/mendhak/38225459035/",
      "img": "https://live.staticflickr.com/4596/38225459035_db33403af9_q.jpg"
  },
  {
      "link": "https://www.flickr.com/photos/mendhak/23816072218/",
      "img": "https://live.staticflickr.com/4478/23816072218_c6f2a65658_q.jpg"
  },
  {
      "link": "https://www.flickr.com/photos/mendhak/37937678644/",
      "img": "https://live.staticflickr.com/4521/37937678644_e569ddc8f6_q.jpg"
  }
]
